<?xml version="1.0" encoding="UTF-8"?>
<jcr:root xmlns:sling="http://sling.apache.org/jcr/sling/1.0"
	xmlns:granite="http://www.adobe.com/jcr/granite/1.0"
	xmlns:cq="http://www.day.com/jcr/cq/1.0"
	xmlns:jcr="http://www.jcp.org/jcr/1.0"
	xmlns:nt="http://www.jcp.org/jcr/nt/1.0"

	jcr:primaryType="nt:unstructured"
	jcr:title="Simple Recipe 2 - Foodieland Component"
	sling:resourceType="cq/gui/components/authoring/dialog">

	<content 
		jcr:primaryType="nt:unstructured"
		sling:resourceType="granite/ui/components/coral/foundation/container">
		<items 
			jcr:primaryType="nt:unstructured">
			<tabs 
				jcr:primaryType="nt:unstructured"
				sling:resourceType="granite/ui/components/coral/foundation/tabs"
				maximized="{Boolean}false">
				<items 
					jcr:primaryType="nt:unstructured">
					<text 
						jcr:primaryType="nt:unstructured" 
						jcr:title="Tags"
						sling:resourceType="granite/ui/components/coral/foundation/container"
						margin="{Boolean}true">
						<items 
							jcr:primaryType="nt:unstructured">
							<columns 
								jcr:primaryType="nt:unstructured"
								sling:resourceType="granite/ui/components/coral/foundation/fixedcolumns">
								<items 
									jcr:primaryType="nt:unstructured">
									<column 
										jcr:primaryType="nt:unstructured"
										sling:resourceType="granite/ui/components/coral/foundation/container">
										<items 
											jcr:primaryType="nt:unstructured">
											<imageGroup 
												jcr:primaryType="nt:unstructured"
												sling:resourceType="granite/ui/components/coral/foundation/well">
												<items 
													jcr:primaryType="nt:unstructured">
													<link 
														jcr:primaryType="nt:unstructured"
														sling:resourceType="granite/ui/components/coral/foundation/include"
														path="/mnt/overlay/core/wcm/components/commons/editor/dialog/link/v1/link/edit/link" />

													<imageSR
														jcr:primaryType="nt:unstructured"
														sling:resourceType="cq/gui/components/authoring/dialog/fileupload"
														allowUpload="{Boolean}false" 
														autoStart="{Boolean}false"
														class="cq-droptarget" 
														fieldLabel="Image Asset"
														fileNameParameter="./imageName"
														fileReferenceParameter="./imageReference"
														mimeTypes="[image/gif,image/jpeg,image/png,image/tiff,image/svg+xml]"
														multiple="{Boolean}false" 
														name="./image"
														title="Upload Image Asset Simple Recipe"
														uploadUrl="${suffix.path}" 
														useHTML5="{Boolean}true" />
												</items>
											</imageGroup>
											<properties 
												jcr:primaryType="nt:unstructured"
												sling:resourceType="granite/ui/components/coral/foundation/well">
												<items 
													jcr:primaryType="nt:unstructured">
													<title 
														jcr:primaryType="nt:unstructured"
														sling:resourceType="granite/ui/components/coral/foundation/form/textfield"
														fieldDescription="A title to display as the headline for the simple recipe component."
														fieldLabel="Title" 
														name="./title"
														required="{Boolean}true"/>

													<timeToPrepare
														jcr:primaryType="nt:unstructured"
														sling:resourceType="granite/ui/components/coral/foundation/form/textfield"
														fieldDescription="The time that it takes to prepare the recipe."
														fieldLabel="Time to Prepare" 
														name="./time"
														required="{Boolean}true"/>

													<category
														granite:class="cmp-form-options-source cq-dialog-dropdown-showhide"
														jcr:primaryType="nt:unstructured"
														sling:resourceType="granite/ui/components/coral/foundation/form/select"
														fieldDescription="Set the category of the recipe."
														fieldLabel="Select the Category" 
														name="./category"
														required="{Boolean}true">
														<granite:data
															jcr:primaryType="nt:unstructured"
															cq-dialog-dropdown-showhide-target=".list-option-listfrom-showhide-target" />
														<items jcr:primaryType="nt:unstructured">
															<breakfast 
																jcr:primaryType="nt:unstructured"
																text="Breakfast" 
																value="Breakfast" />
															<vegan 
																jcr:primaryType="nt:unstructured"
																text="Vegan" 
																value="Vegan" />
															<meat 
																jcr:primaryType="nt:unstructured" 
																text="Meat"
																value="Meat" />
															<snack 
																jcr:primaryType="nt:unstructured"
																text="Snack" 
																value="Snack" />
															<fish 
																jcr:primaryType="nt:unstructured" 
																text="Fish"
																value="Fish" />
															<healthy 
																jcr:primaryType="nt:unstructured"
																text="Healthy" 
																value="Healthy" />
															<sweet 
																jcr:primaryType="nt:unstructured"
																text="Sweet" 
																value="Sweet" />
															<noodles 
																jcr:primaryType="nt:unstructured"
																text="Noodles" 
																value="Noodles" />
														</items>
													</category>
												</items>
											</properties>
										</items>
									</column>
								</items>
							</columns>
						</items>
					</text>
				</items>
			</tabs>
		</items>
	</content>
</jcr:root>