<?xml version="1.0" encoding="UTF-8"?>
<jcr:root xmlns:sling="http://sling.apache.org/jcr/sling/1.0"
	xmlns:cq="http://www.day.com/jcr/cq/1.0"
	xmlns:jcr="http://www.jcp.org/jcr/1.0"
	xmlns:nt="http://www.jcp.org/jcr/nt/1.0"
	jcr:primaryType="nt:unstructured" 
	jcr:title="Recipe"
	sling:resourceType="cq/gui/components/authoring/dialog">
	<content jcr:primaryType="nt:unstructured"
		sling:resourceType="granite/ui/components/coral/foundation/container">
		<items jcr:primaryType="nt:unstructured">
			<tabs jcr:primaryType="nt:unstructured"
				sling:resourceType="granite/ui/components/coral/foundation/tabs"
				maximized="{Boolean}false">
				<items jcr:primaryType="nt:unstructured">
					<asset jcr:primaryType="nt:unstructured"
						sling:hideResource="{Boolean}false" />
					<metadata jcr:primaryType="nt:unstructured"
						sling:hideResource="{Boolean}true" />
					<properties jcr:primaryType="nt:unstructured"
						jcr:title="Properties"
						sling:resourceType="granite/ui/components/coral/foundation/container"
						margin="{Boolean}true">
						<items jcr:primaryType="nt:unstructured">
							<columns jcr:primaryType="nt:unstructured"
								sling:resourceType="granite/ui/components/coral/foundation/fixedcolumns"
								margin="{Boolean}true">
								<items jcr:primaryType="nt:unstructured">
									<column jcr:primaryType="nt:unstructured"
										sling:resourceType="granite/ui/components/coral/foundation/container">
										<items jcr:primaryType="nt:unstructured">
											<type 
												jcr:primaryType="nt:unstructured"
												sling:resourceType="granite/ui/components/coral/foundation/form/textfield"
												emptyText="Enter the recipe's typ to display."
												fieldDescription="The type of the recipe (hot recipe, cold recipe)."
												fieldLabel="Type" 
												name="./type" 
												required="{Boolean}true" />
											
											<title 
												jcr:primaryType="nt:unstructured"
												sling:resourceType="granite/ui/components/coral/foundation/form/textfield"
												emptyText="Enter the recipe's title to display."
												fieldDescription="The recipe's title to display."
												fieldLabel="Title" 
												name="./title" 
												required="{Boolean}true" />
												
											<description 
												jcr:primaryType="nt:unstructured"
												sling:resourceType="granite/ui/components/coral/foundation/form/textfield"
												emptyText="Enter the recipe's description to display."
												fieldDescription="The recipe's description to display."
												fieldLabel="Description" 
												name="./description" 
												required="{Boolean}true" />
											
											<time
												jcr:primaryType="nt:unstructured"
												sling:resourceType="granite/ui/components/coral/foundation/form/textfield"
												emptyText="Enter the recipe's time to prepare to display."
												fieldDescription="The recipe's time to prepate to display."
												fieldLabel="Time To Prepare"
												name="./time"
												required="{Boolean}true"/>
												
											<ingredient
												jcr:primaryType="nt:unstructured"
												sling:resourceType="granite/ui/components/coral/foundation/form/textfield"
												emptyText="Enter the recipe's time to prepare to display."
												fieldDescription="The recipe's time to prepate to display."
												fieldLabel="Main Ingredient"
												name="./ingredient"
												required="{Boolean}true"/>
											
											<name
                                                jcr:primaryType="nt:unstructured"
                                                sling:resourceType="granite/ui/components/coral/foundation/form/textfield"
                                                emptyText="Enter the author's name to display."
                                                fieldDescription="The author's name to display."
                                                fieldLabel="Name of the Author"
                                                name="./name"
                                                required="{Boolean}true"/>
                                                
                                           	<link
                                                jcr:primaryType="nt:unstructured"
                                                sling:resourceType="granite/ui/components/coral/foundation/include"
                                                path="/mnt/overlay/core/wcm/components/commons/editor/dialog/link/v1/link/edit/link"/>
												
											<date 
												jcr:primaryType="nt:unstructured"
												sling:resourceType="granite/ui/components/coral/foundation/form/datepicker"
												fieldDescription="The date in which the recipe was posted."
												fieldLabel="Post Date"
												name="./date"
												required="{Boolean}true"/>
										</items>
									</column>
								</items>
							</columns>
						</items>
					</properties>
				</items>
			</tabs>
		</items>
	</content>
</jcr:root>