<?xml version="1.0" encoding="UTF-8"?>
<jcr:root
	xmlns:sling="http://sling.apache.org/jcr/sling/1.0"
	xmlns:cq="http://www.day.com/jcr/cq/1.0"
	xmlns:jcr="http://www.jcp.org/jcr/1.0"
	xmlns:nt="http://www.jcp.org/jcr/nt/1.0"
	
	jcr:primaryType="nt:unstructured"
	jcr:title="Instagram Preview Component"
	sling:resourceType="cq/gui/components/authoring/dialog">
	
	<content
		jcr:primaryType="nt:unstructured"
		sling:resourceType="granite/ui/components/coral/foundation/container">
		<items
			jcr:primaryType="nt:unstructured">
			<tabs
				jcr:primaryType="nt:unstructured"
				sling:resourceType="granite/ui/components/coral/foundation/tabs"
				maximized="{Boolean}false">
				<items
					jcr:primaryType="nt:unstructured">
					<properties
						jcr:primaryType="nt:unstructured"
						jcr:title="File Properties"
						sling:resourceType="granite/ui/components/coral/foundation/container"
						margin="{Boolean}true">
						<items
							jcr:primaryType="nt:unstructured">
							<column
								jcr:primaryType="nt:unstructured"
								sling:resourceType="granite/ui/components/coral/foundation/container">
								<items
									jcr:primaryType="nt:unstructured">
									<link 
					 					jcr:primaryType="nt:unstructured"
										sling:resourceType="granite/ui/components/foundation/form/textfield"
										fieldDescription="Enter a link to the Instagram's post" 
										fieldLabel="Link"
										name="./link" />
									
									<image 
										jcr:primaryType="nt:unstructured"
										sling:resourceType="cq/gui/components/authoring/dialog/fileupload"
										allowUpload="{Boolean}false" 
										autoStart="{Boolean}false"
										class="cq-droptarget" 
										fieldLabel="Image Asset"
										fileNameParameter="./imageName"
										fileReferenceParameter="./imagesReference"
										mimeTypes="[image/gif,image/jpeg,image/png,image/tiff,image/svg+xml]"
										multiple="{Boolean}false" 
										name="./image"
										title="Upload Image Asset Simple Recipe" 
										uploadUrl="${suffix.path}"
										useHTML5="{Boolean}true" />
								</items>
							</column>
						</items>
					</properties>
				</items>
			</tabs>
		</items>
	</content>
</jcr:root>