<?xml version="1.0" encoding="UTF-8"?>
<jcr:root 
	xmlns:sling="http://sling.apache.org/jcr/sling/1.0"
	xmlns:granite="http://www.adobe.com/jcr/granite/1.0"
	xmlns:cq="http://www.day.com/jcr/cq/1.0"
	xmlns:jcr="http://www.jcp.org/jcr/1.0"
	xmlns:nt="http://www.jcp.org/jcr/nt/1.0"
	
	jcr:primaryType="nt:unstructured" 
	jcr:title="Category - Foodieland Component"
	sling:resourceType="cq/gui/components/authoring/dialog">
	
	<content 
		jcr:primaryType="nt:unstructured"
		sling:resourceType="granite/ui/components/coral/foundation/container">
		<items 
			jcr:primaryType="nt:unstructured">
			<tabs 
				jcr:primaryType="nt:unstructured"
				sling:resourceType="granite/ui/components/coral/foundation/tabs"
				maximized="{Boolean}false">
				<items 
					jcr:primaryType="nt:unstructured">
					<properties 
				 		jcr:primaryType="nt:unstructured"
						jcr:title="Properties"
						sling:resourceType="granite/ui/components/coral/foundation/container"
						margin="{Boolean}true">
						<items 
							jcr:primaryType="nt:unstructured">
							<column 
								jcr:primaryType="nt:unstructured"
								sling:resourceType="granite/ui/components/coral/foundation/container">
								<items 
									jcr:primaryType="nt:unstructured">
									<name 
					 					jcr:primaryType="nt:unstructured"
										sling:resourceType="granite/ui/components/coral/foundation/form/textfield"
										fieldDescription="Enter the name of the category" 
										fieldLabel="Name"
										name="./name"
										required="{Boolean}true"/>

			                        <link
			                        	granite:hide="${cqDesign.linkDisabled}"
                                        jcr:primaryType="nt:unstructured"
                                        sling:resourceType="granite/ui/components/coral/foundation/include"
                                        path="/mnt/overlay/core/wcm/components/commons/editor/dialog/link/v1/link/edit/link"/>

									<imageCategory
				                        jcr:primaryType="nt:unstructured"
				                        sling:resourceType="cq/gui/components/authoring/dialog/fileupload"
				                        allowUpload="{Boolean}false"
				                        autoStart="{Boolean}false"
				                        class="cq-droptarget"
				                        fieldLabel="Image Asset Category"
				                        fileNameParameter="./imageName"
				                        fileReferenceParameter="./imageReference"
				                        mimeTypes="[image/gif,image/jpeg,image/png,image/tiff,image/svg+xml]"
				                        multiple="{Boolean}false"
				                        name="./image"
				                        title="Upload Image Asset Category"
				                        uploadUrl="${suffix.path}"
				                        useHTML5="{Boolean}true"/>
								</items>
							</column>
						</items>
					</properties>
				</items>
			</tabs>
		</items>
	</content>
</jcr:root>