<?xml version="1.0" encoding="UTF-8"?>
<jcr:root xmlns:sling="http://sling.apache.org/jcr/sling/1.0"
	xmlns:cq="http://www.day.com/jcr/cq/1.0"
	xmlns:jcr="http://www.jcp.org/jcr/1.0"
	xmlns:nt="http://www.jcp.org/jcr/nt/1.0"
	jcr:primaryType="nt:unstructured" 
	jcr:title="Category"
	sling:resourceType="cq/gui/components/authoring/dialog">
	<content jcr:primaryType="nt:unstructured"
		sling:resourceType="granite/ui/components/coral/foundation/container">
		<items jcr:primaryType="nt:unstructured">
			<tabs jcr:primaryType="nt:unstructured"
				sling:resourceType="granite/ui/components/coral/foundation/tabs"
				maximized="{Boolean}false">
				<items jcr:primaryType="nt:unstructured">
					<asset 
						jcr:primaryType="nt:unstructured"
						sling:hideResource="{Boolean}false" />
					<metadata 
						jcr:primaryType="nt:unstructured"
						sling:hideResource="{Boolean}false" />
					<properties 
				 		jcr:primaryType="nt:unstructured"
						jcr:title="Properties"
						sling:resourceType="granite/ui/components/coral/foundation/container"
						margin="{Boolean}true">
						<items jcr:primaryType="nt:unstructured">
							<column jcr:primaryType="nt:unstructured"
								sling:resourceType="granite/ui/components/coral/foundation/container">
								<items jcr:primaryType="nt:unstructured">
									<name 
					 					jcr:primaryType="nt:unstructured"
										sling:resourceType="granite/ui/components/foundation/form/textfield"
										fieldDescription="Enter the name of the category" 
										fieldLabel="Name"
										name="./name" />
								</items>
							</column>
						</items>
					</properties>
				</items>
			</tabs>
		</items>
	</content>
</jcr:root>