<?xml version="1.0" encoding="UTF-8"?>
<jcr:root xmlns:sling="http://sling.apache.org/jcr/sling/1.0"
	xmlns:cq="http://www.day.com/jcr/cq/1.0"
	xmlns:jcr="http://www.jcp.org/jcr/1.0"
	xmlns:nt="http://www.jcp.org/jcr/nt/1.0"
	
	jcr:primaryType="nt:unstructured" 
	jcr:title="Title and Button Component"
	sling:resourceType="cq/gui/components/authoring/dialog">
	
	<content 
		jcr:primaryType="nt:unstructured"
		sling:resourceType="granite/ui/components/coral/foundation/container">
		<items 
			jcr:primaryType="nt:unstructured">
			<tabs 
				jcr:primaryType="nt:unstructured"
				sling:resourceType="granite/ui/components/coral/foundation/tabs">
				<items 
					jcr:primaryType="nt:unstructured">
					<properties
						jcr:primaryType="nt:unstructured"
						sling:hideResource="{Boolean}false"
						jcr:title="Button Properties"/>
					<accessibility
						jcr:primaryType="nt:unstructured"
						sling:hideResource="{Boolean}true"/>
					<cq:styles
						jcr:primaryType="nt:unstructured"
						sling:hideResource="{Boolean}true"/>
					<titleAndButtonProperties 
						jcr:primaryType="nt:unstructured"
						jcr:title="Title Properties"
						sling:resourceType="granite/ui/components/coral/foundation/container"
						margin="{Boolean}true">
						<items 
							jcr:primaryType="nt:unstructured">
							<columns 
								jcr:primaryType="nt:unstructured"
								sling:resourceType="granite/ui/components/coral/foundation/fixedcolumns">
								<items 
									jcr:primaryType="nt:unstructured">
									<column 
										jcr:primaryType="nt:unstructured"
										sling:resourceType="granite/ui/components/coral/foundation/container">
										<items 
											jcr:primaryType="nt:unstructured">
											<title 
												jcr:primaryType="nt:unstructured"
												sling:resourceType="granite/ui/components/coral/foundation/form/textfield"
												emptyText="Enter the component's title to display."
												fieldDescription="The component's title to display."
												fieldLabel="Title" 
												name="./title" 
												required="{Boolean}true" />
										</items>
									</column>
								</items>
							</columns>
						</items>
					</titleAndButtonProperties>
				</items>
			</tabs>
		</items>
	</content>
</jcr:root>